r,d_B_mean,d_B_std,survival_mean,survival_std
0.005,0.0,0.0,0.494,0.0
0.01,0.0,0.0,0.49,0.0
0.02,0.0,0.0,0.486,0.0
0.05,0.3356142044067383,0.0,0.46,0.0
0.1,0.9510297775268555,0.0,0.428,0.0
